obs_at,temp,wind,gust,visibility,humidity,pressure,pressure_trend,weather
2021-06-24T13:00:00Z,21.9°,W_15,NA,E,62%,"1,018",F,Cloudy
2021-06-24T14:00:00Z,21.3°,W_17,NA,E,61%,"1,018",F,Cloudy
2021-06-24T15:00:00Z,21.6°,WSW_14,NA,E,57%,"1,018",F,Cloudy
2021-06-24T16:00:00Z,21.7°,WSW_14,NA,E,48%,"1,018",F,Cloudy
2021-06-24T17:00:00Z,20.8°,W_9,NA,E,47%,"1,017",F,Sunny day
2021-06-24T18:00:00Z,18.1°,WSW_16,NA,E,47%,"1,017",F,Cloudy
2021-06-24T19:00:00Z,14.8°,W_10,NA,M,85%,"1,017",F,Heavy rain
2021-06-24T20:00:00Z,14.3°,SW_6,NA,M,94%,"1,017",F,Heavy rain
2021-06-24T21:00:00Z,14.0°,SSW_6,NA,M,96%,"1,017",F,Light rain
2021-06-24T22:00:00Z,14.0°,SSE_3,NA,M,97%,"1,017",F,Light rain
2021-06-24T23:00:00Z,14.4°,S_6,NA,G,98%,"1,016",F,Light rain
2021-06-25T00:00:00Z,14.0°,S_2,NA,M,98%,"1,016",F,Heavy rain
2021-06-25T01:00:00Z,14.0°,ESE_2,NA,M,99%,"1,016",F,Light rain
2021-06-25T02:00:00Z,13.9°,ENE_3,NA,M,99%,"1,015",F,Light rain
2021-06-25T03:00:00Z,12.5°,N_10,25,VP,97%,"1,015",F,Heavy rain
2021-06-25T04:00:00Z,11.5°,N_13,NA,M,97%,"1,016",R,Light rain
2021-06-25T05:00:00Z,11.2°,N_11,NA,P,99%,"1,016",R,Light rain
2021-06-25T06:00:00Z,11.2°,N_14,NA,M,98%,"1,016",R,Light rain
2021-06-25T07:00:00Z,11.2°,N_15,NA,M,97%,"1,016",R,Heavy rain
2021-06-25T08:00:00Z,11.6°,N_15,NA,G,96%,"1,017",R,Light rain
2021-06-25T09:00:00Z,11.7°,N_18,NA,M,95%,"1,017",R,Light rain
2021-06-25T10:00:00Z,11.7°,N_16,NA,M,95%,"1,017",R,Light rain
2021-06-25T11:00:00Z,11.5°,N_17,NA,M,95%,"1,017",R,Light rain
2021-06-25T12:00:00Z,11.3°,N_17,NA,M,95%,"1,018",R,Light rain
2021-06-25T13:00:00Z,10.8°,N_15,NA,M,96%,"1,018",R,Light rain
2021-06-25T14:00:00Z,11.7°,N_15,NA,M,96%,"1,018",R,Drizzle
2021-06-25T15:00:00Z,11.0°,N_15,NA,G,94%,"1,018",R,Drizzle
2021-06-25T16:00:00Z,11.2°,N_15,NA,M,94%,"1,018",F,Light rain
2021-06-25T17:00:00Z,11.0°,N_15,NA,G,92%,"1,018",R,Light rain
2021-06-25T18:00:00Z,11.0°,N_13,NA,VG,91%,"1,018",R,Drizzle
2021-06-25T19:00:00Z,11.5°,N_11,NA,VG,89%,"1,018",R,Cloudy
2021-06-25T20:00:00Z,11.4°,NNW_7,NA,VG,90%,"1,019",R,Overcast
2021-06-25T21:00:00Z,10.8°,N_9,NA,G,94%,"1,019",R,Drizzle
2021-06-25T22:00:00Z,10.5°,NNW_9,NA,M,97%,"1,019",R,Overcast
2021-06-25T23:00:00Z,10.7°,NNW_10,NA,VG,98%,"1,019",R,Overcast
2021-06-26T00:00:00Z,10.7°,NNW_10,NA,G,97%,"1,019",R,Overcast
2021-06-26T01:00:00Z,10.6°,NW_8,NA,M,97%,"1,020",R,Mist
2021-06-26T02:00:00Z,10.7°,NW_6,NA,VG,98%,"1,020",R,Cloudy
2021-06-26T03:00:00Z,10.9°,NNW_9,NA,E,96%,"1,020",R,Overcast
2021-06-26T04:00:00Z,10.9°,NW_7,NA,E,96%,"1,019",F,Overcast
2021-06-26T05:00:00Z,11.4°,NW_5,NA,E,94%,"1,020",R,Overcast
2021-06-26T06:00:00Z,12.0°,NNW_7,NA,E,92%,"1,020",R,Overcast
2021-06-26T07:00:00Z,12.5°,NNW_5,NA,VG,94%,"1,020",R,Overcast
2021-06-26T08:00:00Z,12.4°,N_7,NA,P,96%,"1,021",R,Drizzle
2021-06-26T09:00:00Z,13.8°,NNW_7,NA,E,97%,"1,020",R,Overcast
2021-06-26T10:00:00Z,13.9°,N_9,NA,G,96%,"1,021",R,Overcast
2021-06-26T11:00:00Z,14.3°,N_9,NA,G,94%,"1,021",R,Overcast
2021-06-26T12:00:00Z,15.4°,NE_9,NA,VG,86%,"1,021",R,Overcast
2021-06-26T13:00:00Z,15.9°,NNE_9,NA,E,80%,"1,021",R,Overcast
2021-06-26T14:00:00Z,16.0°,NNE_9,NA,E,82%,"1,021",R,Overcast
2021-06-26T15:00:00Z,14.2°,N_9,NA,G,96%,"1,021",R,Light rain
2021-06-26T16:00:00Z,14.2°,N_10,NA,M,96%,"1,021",S,Overcast
2021-06-26T17:00:00Z,14.6°,N_10,NA,VG,93%,"1,021",F,Cloudy
2021-06-26T18:00:00Z,13.8°,N_10,NA,VG,94%,"1,021",F,Overcast
2021-06-26T19:00:00Z,13.8°,N_9,NA,VG,93%,"1,022",R,Overcast
2021-06-26T20:00:00Z,13.3°,N_10,NA,VG,93%,"1,022",R,Overcast
2021-06-26T21:00:00Z,12.8°,N_8,NA,VG,95%,"1,023",R,Cloudy
2021-06-26T22:00:00Z,12.5°,N_6,NA,G,96%,"1,023",R,Overcast
2021-06-26T23:00:00Z,12.2°,N_7,NA,P,98%,"1,023",R,Mist
2021-06-27T00:00:00Z,12.0°,N_9,NA,VP,99%,"1,022",F,Fog
2021-06-27T01:00:00Z,11.9°,N_8,NA,P,100%,"1,022",F,Overcast
2021-06-27T02:00:00Z,11.8°,N_7,NA,P,100%,"1,022",F,Mist
2021-06-27T03:00:00Z,11.8°,N_8,NA,P,100%,"1,022",F,Mist
2021-06-27T04:00:00Z,11.9°,N_7,NA,P,100%,"1,021",F,Mist
2021-06-27T05:00:00Z,12.0°,N_6,NA,M,100%,"1,021",F,Overcast
2021-06-27T06:00:00Z,12.3°,N_8,NA,M,100%,"1,021",F,Mist
2021-06-27T07:00:00Z,13.0°,N_7,NA,G,99%,"1,021",F,Overcast
2021-06-27T08:00:00Z,14.6°,N_9,NA,VG,93%,"1,021",F,Cloudy
2021-06-27T09:00:00Z,15.0°,NNE_10,NA,VG,89%,"1,021",F,Overcast
2021-06-27T10:00:00Z,15.3°,N_10,NA,VG,87%,"1,021",F,Overcast
2021-06-27T11:00:00Z,16.0°,NNE_10,NA,VG,83%,"1,020",F,Overcast
2021-06-27T12:00:00Z,16.2°,NE_10,NA,VG,82%,"1,020",F,Overcast
2021-06-27T13:00:00Z,16.6°,NNE_10,NA,VG,82%,"1,020",F,Overcast
2021-06-27T14:00:00Z,15.8°,NNE_11,NA,G,86%,"1,020",F,Cloudy
2021-06-27T15:00:00Z,16.0°,NE_9,NA,VG,84%,"1,020",F,Overcast
2021-06-27T16:00:00Z,16.6°,NNE_9,NA,VG,83%,"1,019",F,Overcast
2021-06-27T17:00:00Z,16.4°,NNE_10,NA,VG,82%,"1,019",F,Overcast
2021-06-27T18:00:00Z,16.0°,NNE_9,NA,VG,85%,"1,019",F,Overcast
2021-06-27T19:00:00Z,15.6°,NNE_7,NA,VG,84%,"1,019",F,Cloudy
2021-06-27T20:00:00Z,15.4°,NNE_5,NA,VG,86%,"1,019",R,Overcast
2021-06-27T21:00:00Z,15.0°,N_5,NA,VG,88%,"1,020",R,Overcast
2021-06-27T22:00:00Z,14.6°,N_3,NA,G,91%,"1,019",R,Overcast
2021-06-27T23:00:00Z,13.5°,NW_3,NA,G,94%,"1,019",F,Overcast
2021-06-28T00:00:00Z,12.5°,NW_1,NA,G,97%,"1,019",F,Mist
2021-06-28T01:00:00Z,12.3°,NNW_5,NA,P,98%,"1,019",F,Mist
2021-06-28T02:00:00Z,11.8°,NW_3,NA,VP,99%,"1,018",F,Fog
2021-06-28T03:00:00Z,11.9°,NNE_2,NA,VP,100%,"1,018",F,Fog
2021-06-28T04:00:00Z,12.0°,NNE_2,NA,P,100%,"1,017",F,Cloudy
2021-06-28T05:00:00Z,12.6°,NNE_3,NA,P,99%,"1,018",F,Fog
2021-06-28T06:00:00Z,12.8°,NNE_2,NA,P,100%,"1,018",R,Mist
2021-06-28T07:00:00Z,14.1°,ESE_2,NA,M,99%,"1,018",R,Mist
2021-06-28T08:00:00Z,15.6°,N_2,NA,VG,80%,"1,018",R,Cloudy
2021-06-28T09:00:00Z,16.7°,NNE_2,NA,VG,77%,"1,018",F,Cloudy
2021-06-28T10:00:00Z,17.9°,NNW_5,NA,E,67%,"1,018",F,Cloudy
2021-06-28T11:00:00Z,19.2°,NNE_6,NA,E,65%,"1,018",F,Sunny intervals
2021-06-28T12:00:00Z,19.9°,N_8,NA,VG,63%,"1,017",F,Sunny intervals
2021-06-28T13:00:00Z,20.8°,N_5,NA,E,59%,"1,017",F,Sunny intervals
2021-06-28T14:00:00Z,21.6°,NNW_6,NA,E,57%,"1,017",F,Sunny intervals
2021-06-28T15:00:00Z,21.6°,NE_6,NA,E,62%,"1,017",F,Sunny intervals
2021-06-28T16:00:00Z,20.8°,E_7,NA,VG,61%,"1,017",F,Cloudy
2021-06-28T17:00:00Z,18.1°,SSE_9,NA,VG,73%,"1,017",F,Cloudy
2021-06-28T18:00:00Z,17.1°,SSE_8,NA,E,75%,"1,017",R,Cloudy
2021-06-28T19:00:00Z,16.3°,S_7,NA,VG,76%,"1,017",R,Cloudy
2021-06-28T20:00:00Z,16.1°,S_5,NA,VG,80%,"1,017",R,Cloudy
2021-06-28T21:00:00Z,15.5°,SSE_2,NA,VG,83%,"1,017",R,Overcast
2021-06-28T22:00:00Z,14.6°,N_0,NA,VG,88%,"1,017",R,Overcast
2021-06-28T23:00:00Z,13.7°,N_2,NA,G,92%,"1,017",R,Overcast
2021-06-29T00:00:00Z,13.3°,N_3,NA,G,94%,"1,017",F,Mist
2021-06-29T01:00:00Z,12.8°,NNE_2,NA,G,95%,"1,017",F,Mist
2021-06-29T02:00:00Z,12.4°,N_5,NA,M,97%,"1,017",S,Mist
2021-06-29T03:00:00Z,12.5°,NNW_6,NA,M,97%,"1,017",F,Mist
2021-06-29T04:00:00Z,11.3°,NNW_5,NA,M,97%,"1,017",F,Mist
2021-06-29T05:00:00Z,12.5°,N_6,NA,G,97%,"1,017",F,Mist
2021-06-29T06:00:00Z,13.9°,N_5,NA,G,92%,"1,017",R,Sunny intervals
2021-06-29T07:00:00Z,14.9°,NNE_8,NA,VG,87%,"1,017",R,Sunny intervals
2021-06-29T08:00:00Z,16.3°,N_8,NA,VG,76%,"1,017",R,Sunny intervals
2021-06-29T09:00:00Z,17.9°,NNE_9,NA,VG,63%,"1,018",R,Sunny intervals
2021-06-29T10:00:00Z,19.1°,NNE_9,NA,E,57%,"1,018",R,Sunny intervals
2021-06-29T11:00:00Z,20.2°,NNE_11,NA,E,52%,"1,018",R,Sunny intervals
2021-06-29T12:00:00Z,20.0°,NE_11,NA,E,57%,"1,017",F,Sunny intervals
2021-06-29T13:00:00Z,19.1°,NE_11,NA,E,59%,"1,018",S,Sunny intervals
2021-06-29T14:00:00Z,18.5°,NE_10,NA,E,69%,"1,018",R,Cloudy
2021-06-29T15:00:00Z,19.2°,NE_13,NA,VG,65%,"1,018",R,Cloudy
2021-06-29T16:00:00Z,18.0°,NE_13,NA,VG,71%,"1,017",S,Cloudy
2021-06-29T17:00:00Z,17.1°,NE_11,NA,VG,72%,"1,018",F,Sunny day
2021-06-29T18:00:00Z,15.6°,NNE_14,NA,VG,72%,"1,018",R,Sunny intervals
2021-06-29T19:00:00Z,14.2°,N_10,NA,VG,79%,"1,018",R,Sunny intervals
2021-06-29T20:00:00Z,13.6°,N_11,NA,G,82%,"1,019",R,Cloudy
2021-06-29T21:00:00Z,13.3°,N_10,NA,G,83%,"1,019",R,Overcast
2021-06-29T22:00:00Z,12.9°,NNE_8,NA,G,86%,"1,019",R,Overcast
2021-06-29T23:00:00Z,12.6°,NNE_8,NA,G,86%,"1,019",R,Overcast
2021-06-30T00:00:00Z,12.6°,N_8,NA,G,88%,"1,019",F,Overcast
2021-06-30T01:00:00Z,12.5°,N_8,NA,G,87%,"1,019",F,Overcast
2021-06-30T02:00:00Z,12.4°,NNW_8,NA,G,88%,"1,018",F,Overcast
2021-06-30T03:00:00Z,12.2°,N_9,NA,VG,86%,"1,018",F,Overcast
2021-06-30T04:00:00Z,11.6°,N_10,NA,VG,88%,"1,018",F,Overcast
2021-06-30T05:00:00Z,11.4°,N_11,NA,VG,89%,"1,018",R,Overcast
2021-06-30T06:00:00Z,11.1°,N_10,NA,VG,92%,"1,019",R,Overcast
2021-06-30T07:00:00Z,12.0°,N_9,NA,VG,88%,"1,019",R,Cloudy
2021-06-30T08:00:00Z,12.2°,NNW_11,NA,VG,85%,"1,019",R,Cloudy
2021-06-30T09:00:00Z,13.1°,N_10,NA,E,80%,"1,018",F,Cloudy
2021-06-30T10:00:00Z,13.1°,NNE_10,NA,E,82%,"1,019",R,Cloudy
2021-06-30T11:00:00Z,13.2°,N_10,NA,E,81%,"1,019",R,Cloudy
2021-06-30T12:00:00Z,13.6°,N_10,NA,E,77%,"1,019",R,Cloudy
2021-06-30T13:00:00Z,14.1°,NNE_8,NA,E,77%,"1,019",R,Overcast
2021-06-30T14:00:00Z,14.7°,N_8,NA,E,75%,"1,018",F,Cloudy
2021-06-30T15:00:00Z,14.2°,NE_9,NA,E,79%,"1,019",F,Cloudy
2021-06-30T16:00:00Z,16.1°,NNE_11,NA,VG,72%,"1,018",F,Sunny intervals
2021-06-30T17:00:00Z,15.7°,NNE_10,NA,VG,69%,"1,018",F,Sunny intervals
2021-06-30T18:00:00Z,16.0°,NNE_8,NA,VG,70%,"1,018",F,Sunny day
2021-06-30T19:00:00Z,14.4°,ENE_7,NA,VG,74%,"1,018",F,Sunny day
2021-06-30T20:00:00Z,13.6°,NNE_8,NA,G,78%,"1,019",R,Sunny day
2021-06-30T21:00:00Z,11.4°,NE_5,NA,G,86%,"1,019",R,Clear night
2021-06-30T22:00:00Z,10.3°,N_5,NA,G,90%,"1,019",R,Cloudy
2021-06-30T23:00:00Z,8.9°,NW_5,NA,G,95%,"1,019",R,Partly cloudy (night)
2021-07-01T00:00:00Z,9.9°,N_7,NA,G,95%,"1,019",R,Clear night
2021-07-01T01:00:00Z,9.1°,NNW_5,NA,G,95%,"1,019",F,Mist
2021-07-01T02:00:00Z,8.9°,N_5,NA,M,97%,"1,019",F,Mist
2021-07-01T03:00:00Z,8.7°,NW_6,NA,M,98%,"1,019",F,Mist
2021-07-01T04:00:00Z,9.2°,NNW_6,NA,G,95%,"1,019",F,Sunny day
2021-07-01T05:00:00Z,9.4°,NW_6,NA,G,94%,"1,019",S,Sunny day
2021-07-01T06:00:00Z,10.3°,NNW_7,NA,G,92%,"1,019",S,Sunny day
2021-07-01T07:00:00Z,12.1°,N_10,NA,VG,81%,"1,019",R,Cloudy
2021-07-01T08:00:00Z,13.7°,N_8,NA,VG,77%,"1,019",S,Cloudy
2021-07-01T09:00:00Z,15.2°,NNE_9,NA,VG,69%,"1,019",F,Cloudy
2021-07-01T10:00:00Z,15.3°,N_8,NA,VG,65%,"1,019",F,Sunny day
2021-07-01T11:00:00Z,16.7°,NNE_8,NA,VG,63%,"1,018",F,Sunny day
2021-07-01T12:00:00Z,18.0°,N_8,NA,E,61%,"1,018",F,Sunny day
2021-07-01T13:00:00Z,19.1°,N_5,NA,E,56%,"1,018",F,Sunny day
2021-07-01T14:00:00Z,19.8°,N_7,NA,VG,57%,"1,018",F,Sunny intervals
2021-07-01T15:00:00Z,19.9°,NNE_8,NA,VG,57%,"1,017",F,Sunny intervals
2021-07-01T16:00:00Z,19.8°,NNE_9,NA,VG,57%,"1,017",F,Sunny intervals
2021-07-01T17:00:00Z,18.4°,NE_10,NA,VG,48%,"1,017",F,Sunny day
2021-07-01T18:00:00Z,16.8°,NNE_9,NA,VG,55%,"1,017",F,Sunny intervals
2021-07-01T19:00:00Z,15.5°,N_9,NA,VG,64%,"1,018",R,Cloudy
2021-07-01T20:00:00Z,14.5°,N_7,NA,VG,71%,"1,018",R,Overcast
2021-07-01T21:00:00Z,13.6°,NNW_2,NA,VG,74%,"1,018",R,Overcast
2021-07-01T22:00:00Z,13.0°,NNE_6,NA,VG,80%,"1,018",R,Overcast
2021-07-01T23:00:00Z,12.5°,N_5,NA,G,85%,"1,018",R,Overcast
2021-07-02T00:00:00Z,11.6°,NW_3,NA,G,89%,"1,017",F,Overcast
2021-07-02T01:00:00Z,11.8°,WSW_2,NA,G,89%,"1,017",F,Overcast
2021-07-02T02:00:00Z,11.8°,NE_3,NA,G,92%,"1,017",F,Overcast
2021-07-02T03:00:00Z,11.8°,NNE_1,NA,G,92%,"1,017",F,Overcast
2021-07-02T04:00:00Z,11.9°,W_2,NA,G,94%,"1,017",F,Overcast
2021-07-02T05:00:00Z,12.5°,SW_2,NA,G,92%,"1,016",F,Sunny intervals
2021-07-02T06:00:00Z,13.2°,NE_3,NA,G,91%,"1,016",F,Cloudy
2021-07-02T07:00:00Z,13.9°,SSE_3,NA,G,83%,"1,016",F,Cloudy
2021-07-02T08:00:00Z,15.8°,S_6,NA,VG,75%,"1,017",R,Cloudy
2021-07-02T09:00:00Z,17.2°,S_7,NA,VG,74%,"1,017",R,Cloudy
2021-07-02T10:00:00Z,17.5°,S_8,NA,VG,73%,"1,017",R,Cloudy
2021-07-02T11:00:00Z,18.7°,SSW_8,NA,VG,68%,"1,016",F,Cloudy
2021-07-02T12:00:00Z,20.1°,SSE_6,NA,VG,62%,"1,016",F,Cloudy
2021-07-02T13:00:00Z,21.4°,SSE_3,NA,VG,61%,"1,015",F,Sunny intervals
2021-07-02T14:00:00Z,21.6°,SE_8,NA,VG,51%,"1,015",F,Sunny intervals
2021-07-02T15:00:00Z,21.4°,SSE_10,NA,VG,53%,"1,015",F,Cloudy
2021-07-02T16:00:00Z,21.7°,SSE_9,NA,G,55%,"1,014",F,Sunny intervals
2021-07-02T17:00:00Z,18.1°,S_8,NA,G,84%,"1,014",F,Light rain
2021-07-02T18:00:00Z,18.4°,SSE_10,NA,G,77%,"1,014",F,Cloudy
2021-07-02T19:00:00Z,19.0°,S_6,NA,G,74%,"1,014",F,Cloudy
2021-07-02T20:00:00Z,18.5°,S_7,NA,G,75%,"1,014",F,Sunny intervals
2021-07-02T21:00:00Z,17.5°,SSE_6,NA,G,76%,"1,014",R,Cloudy
2021-07-02T22:00:00Z,15.5°,SSE_7,NA,G,84%,"1,015",F,Partly cloudy (night)
2021-07-02T23:00:00Z,13.7°,S_5,NA,G,91%,"1,014",F,Clear night
2021-07-03T00:00:00Z,13.5°,SW_5,NA,M,94%,"1,014",F,Mist
2021-07-03T01:00:00Z,14.7°,SSE_5,NA,G,91%,"1,014",F,Overcast
2021-07-03T02:00:00Z,14.3°,SE_3,NA,M,91%,"1,014",F,Mist
2021-07-03T03:00:00Z,14.2°,S_3,NA,M,93%,"1,013",F,Mist
2021-07-03T04:00:00Z,14.5°,S_5,NA,M,92%,"1,013",F,Mist
2021-07-03T05:00:00Z,14.4°,S_3,NA,M,92%,"1,013",F,Mist
2021-07-03T06:00:00Z,15.0°,S_5,NA,M,92%,"1,012",F,Mist
2021-07-03T07:00:00Z,15.5°,SSE_5,NA,M,90%,"1,012",F,Mist
2021-07-03T08:00:00Z,16.3°,SSE_7,NA,M,89%,"1,012",F,Mist
2021-07-03T09:00:00Z,16.2°,SSE_7,NA,M,90%,"1,012",F,Overcast
2021-07-03T10:00:00Z,16.3°,SSE_6,NA,P,94%,"1,012",F,Heavy rain
2021-07-03T11:00:00Z,16.9°,S_5,NA,M,94%,"1,012",F,Light rain
2021-07-03T12:00:00Z,17.1°,SSE_5,NA,M,93%,"1,012",F,Light rain
2021-07-03T13:00:00Z,16.7°,SE_5,NA,P,95%,"1,011",F,Heavy rain
2021-07-03T14:00:00Z,18.0°,SSE_5,NA,G,88%,"1,010",F,Cloudy
2021-07-03T15:00:00Z,18.7°,SSE_5,NA,M,88%,"1,010",F,Mist
2021-07-03T16:00:00Z,19.0°,SSE_6,NA,M,83%,"1,009",F,Mist
2021-07-03T17:00:00Z,18.4°,SSE_6,NA,M,89%,"1,009",F,Overcast
2021-07-03T18:00:00Z,17.1°,SSW_5,NA,P,96%,"1,009",F,Heavy shower (day)
2021-07-03T19:00:00Z,17.5°,SSE_2,NA,M,96%,"1,008",F,Sunny intervals
2021-07-03T20:00:00Z,17.6°,SSE_3,NA,M,94%,"1,008",F,Mist
2021-07-03T21:00:00Z,17.0°,ESE_6,NA,M,96%,"1,008",F,Mist
2021-07-03T22:00:00Z,16.0°,S_5,NA,P,97%,"1,008",F,Mist
2021-07-03T23:00:00Z,15.8°,S_7,NA,P,98%,"1,008",R,Light rain
2021-07-04T00:00:00Z,15.9°,SE_6,NA,P,99%,"1,008",F,Light rain
2021-07-04T01:00:00Z,15.7°,ESE_2,NA,P,99%,"1,007",F,Overcast
2021-07-04T02:00:00Z,15.5°,SW_1,NA,P,99%,"1,007",F,Mist
2021-07-04T03:00:00Z,13.2°,W_2,NA,G,97%,"1,007",F,Clear night
2021-07-04T04:00:00Z,12.8°,S_2,NA,G,99%,"1,007",F,No data
2021-07-04T05:00:00Z,13.2°,SSW_3,NA,P,100%,"1,007",F,Fog
2021-07-04T06:00:00Z,14.5°,SSE_5,NA,VP,99%,"1,007",S,Fog
2021-07-04T07:00:00Z,15.8°,SSE_3,NA,M,99%,"1,007",F,Cloudy
2021-07-04T08:00:00Z,16.2°,SSE_7,NA,M,94%,"1,007",F,Mist
2021-07-04T09:00:00Z,17.8°,SSE_7,NA,G,88%,"1,006",F,Light rain
2021-07-04T10:00:00Z,18.9°,SE_7,NA,VG,79%,"1,006",F,Overcast
2021-07-04T11:00:00Z,20.2°,SSE_6,NA,VG,71%,"1,005",F,Sunny day
2021-07-04T12:00:00Z,21.2°,SSE_8,NA,VG,63%,"1,005",F,Sunny intervals
2021-07-04T13:00:00Z,21.6°,SSE_9,NA,E,62%,"1,004",F,Cloudy
2021-07-04T14:00:00Z,21.5°,SSE_9,NA,VG,63%,"1,004",F,Cloudy
2021-07-04T15:00:00Z,16.6°,SSE_3,NA,G,94%,"1,004",F,Light rain
2021-07-04T16:00:00Z,17.6°,S_5,NA,G,88%,"1,004",F,Light rain
2021-07-04T17:00:00Z,16.2°,S_6,NA,M,90%,"1,004",F,Heavy rain
2021-07-04T18:00:00Z,15.8°,E_6,NA,G,96%,"1,004",F,Light rain
2021-07-04T19:00:00Z,15.9°,ESE_5,NA,E,95%,"1,004",F,Cloudy
2021-07-04T20:00:00Z,15.8°,S_1,NA,E,94%,"1,003",F,Cloudy
2021-07-04T21:00:00Z,15.5°,SW_3,NA,VG,97%,"1,003",F,Overcast
2021-07-04T22:00:00Z,15.5°,SSE_2,NA,VG,97%,"1,003",F,Overcast
2021-07-04T23:00:00Z,14.9°,SW_2,NA,M,99%,"1,002",F,Heavy rain
2021-07-05T00:00:00Z,14.8°,SW_2,NA,M,99%,"1,002",F,Overcast
2021-07-05T01:00:00Z,14.9°,S_3,NA,P,99%,"1,002",F,Heavy rain
2021-07-05T02:00:00Z,14.9°,S_6,NA,P,99%,"1,001",F,Heavy rain
2021-07-05T03:00:00Z,13.9°,W_7,NA,M,96%,"1,001",F,Heavy rain
2021-07-05T04:00:00Z,13.8°,SSE_7,NA,VG,96%,"1,001",F,Cloudy
2021-07-05T05:00:00Z,13.9°,S_7,NA,VG,93%,"1,001",S,Overcast
2021-07-05T06:00:00Z,14.3°,SSE_6,NA,VG,96%,"1,001",F,Overcast
2021-07-05T07:00:00Z,14.8°,SSW_7,NA,VG,92%,"1,001",F,Cloudy
2021-07-05T08:00:00Z,15.5°,SW_9,NA,VG,86%,"1,002",R,Cloudy
2021-07-05T09:00:00Z,16.7°,WSW_14,NA,E,74%,"1,002",R,Cloudy
2021-07-05T10:00:00Z,18.3°,W_10,NA,E,68%,"1,001",R,Cloudy
2021-07-05T11:00:00Z,17.2°,W_13,NA,E,68%,"1,001",F,Cloudy
2021-07-05T12:00:00Z,18.0°,W_11,NA,E,65%,"1,002",F,Cloudy
2021-07-05T13:00:00Z,17.9°,WSW_16,NA,E,67%,"1,002",R,Cloudy
2021-07-05T14:00:00Z,17.3°,SW_11,NA,E,66%,"1,002",R,Cloudy
2021-07-05T15:00:00Z,19.2°,WSW_13,NA,E,63%,"1,002",R,Cloudy
2021-07-05T16:00:00Z,18.6°,SW_10,NA,E,55%,"1,002",F,Cloudy
2021-07-05T17:00:00Z,19.3°,SW_10,NA,E,54%,"1,001",F,Cloudy
2021-07-05T18:00:00Z,17.7°,SW_9,NA,VG,58%,"1,001",F,Cloudy
2021-07-05T19:00:00Z,16.7°,SSW_6,NA,VG,63%,"1,001",F,Overcast
2021-07-05T20:00:00Z,16.2°,SE_5,NA,VG,67%,"1,001",F,Overcast
2021-07-05T21:00:00Z,15.1°,E_6,NA,VG,76%,"1,000",F,Overcast
2021-07-05T22:00:00Z,14.1°,E_6,NA,VG,83%,"1,000",F,Overcast
2021-07-05T23:00:00Z,13.3°,NE_2,NA,VG,90%,999,F,Overcast
2021-07-06T00:00:00Z,13.2°,NNE_2,NA,G,94%,998,F,Light rain
2021-07-06T01:00:00Z,13.7°,SE_2,NA,VG,97%,997,F,Overcast
2021-07-06T02:00:00Z,13.3°,ENE_3,NA,G,92%,996,F,Light rain
2021-07-06T03:00:00Z,12.8°,N_5,NA,M,97%,995,F,Heavy rain
2021-07-06T04:00:00Z,12.5°,NNE_7,NA,P,98%,995,F,Heavy rain
2021-07-06T05:00:00Z,12.4°,N_7,NA,P,99%,994,F,Heavy rain
2021-07-06T06:00:00Z,12.0°,N_8,NA,M,98%,993,F,Heavy rain
2021-07-06T07:00:00Z,12.1°,N_7,NA,M,99%,993,F,Heavy rain
2021-07-06T08:00:00Z,12.7°,N_9,NA,G,97%,993,F,Light rain
2021-07-06T09:00:00Z,13.0°,NNW_9,NA,G,98%,993,F,Light rain
2021-07-06T10:00:00Z,13.4°,NNW_8,NA,M,97%,993,R,Drizzle
2021-07-06T11:00:00Z,13.6°,NW_6,NA,G,96%,994,R,Light rain
2021-07-06T12:00:00Z,14.8°,W_7,NA,VG,90%,994,R,Light rain
2021-07-06T13:00:00Z,15.0°,W_11,NA,M,86%,995,R,Light shower (day)
2021-07-06T14:00:00Z,15.5°,W_11,NA,E,84%,996,R,Cloudy
2021-07-06T15:00:00Z,15.3°,W_11,NA,E,81%,997,R,Cloudy
2021-07-06T16:00:00Z,15.4°,W_9,NA,E,79%,997,R,Cloudy
2021-07-06T17:00:00Z,16.8°,WSW_13,NA,E,70%,998,R,Cloudy
2021-07-06T18:00:00Z,17.5°,W_13,NA,VG,62%,998,R,Cloudy
2021-07-06T19:00:00Z,16.6°,W_10,NA,VG,67%,999,R,Cloudy
2021-07-06T20:00:00Z,14.3°,SW_6,NA,VG,77%,"1,000",R,Sunny intervals
2021-07-06T21:00:00Z,13.9°,SSW_7,NA,G,85%,"1,000",R,Clear night
2021-07-06T22:00:00Z,13.5°,SSE_5,NA,VG,87%,"1,001",R,Clear night
2021-07-06T23:00:00Z,13.6°,SSW_7,NA,E,87%,"1,001",R,Partly cloudy (night)
2021-07-07T00:00:00Z,11.3°,SSE_1,NA,VG,90%,"1,002",R,Clear night
2021-07-07T01:00:00Z,11.4°,N_0,NA,VG,96%,"1,002",R,Cloudy
2021-07-07T02:00:00Z,10.8°,W_2,NA,M,98%,"1,002",R,Heavy rain
2021-07-07T03:00:00Z,11.9°,NW_2,NA,G,99%,"1,002",R,Overcast
2021-07-07T04:00:00Z,12.1°,NW_5,NA,G,98%,"1,003",R,Overcast
2021-07-07T05:00:00Z,11.2°,WSW_2,NA,VG,96%,"1,004",R,Sunny day
2021-07-07T06:00:00Z,12.3°,WNW_5,NA,VG,97%,"1,005",R,Sunny day
2021-07-07T07:00:00Z,13.9°,SSW_6,NA,VG,89%,"1,005",R,Cloudy
2021-07-07T08:00:00Z,15.7°,SSW_3,NA,VG,79%,"1,006",R,Cloudy
2021-07-07T09:00:00Z,17.8°,SW_3,NA,E,78%,"1,007",R,Cloudy
2021-07-07T10:00:00Z,18.9°,S_6,NA,E,68%,"1,007",R,Cloudy
2021-07-07T11:00:00Z,20.5°,SSW_5,NA,E,60%,"1,007",R,Cloudy
2021-07-07T12:00:00Z,20.7°,SSW_6,NA,E,62%,"1,008",R,Cloudy
2021-07-07T13:00:00Z,22.4°,W_9,NA,E,50%,"1,008",R,Sunny intervals
2021-07-07T14:00:00Z,21.2°,W_10,NA,E,57%,"1,009",R,Sunny intervals
2021-07-07T15:00:00Z,22.0°,W_9,NA,E,51%,"1,009",R,Sunny intervals
2021-07-07T16:00:00Z,22.5°,W_11,NA,E,52%,"1,009",R,Sunny intervals
2021-07-07T17:00:00Z,22.2°,W_9,NA,VG,54%,"1,010",R,Sunny intervals
2021-07-07T18:00:00Z,18.4°,ENE_8,NA,E,75%,"1,011",R,Overcast
2021-07-07T19:00:00Z,17.8°,NE_6,NA,E,77%,"1,011",R,Overcast
2021-07-07T20:00:00Z,17.6°,NE_1,NA,E,77%,"1,012",R,Sunny intervals
2021-07-07T21:00:00Z,15.3°,WNW_3,NA,VG,90%,"1,013",R,Clear night
2021-07-07T22:00:00Z,14.7°,NW_1,NA,VG,94%,"1,013",R,Clear night
2021-07-07T23:00:00Z,13.9°,W_7,NA,VG,89%,"1,014",R,Partly cloudy (night)
2021-07-08T00:00:00Z,13.5°,WNW_7,NA,VG,88%,"1,014",R,Clear night
2021-07-08T01:00:00Z,12.6°,WNW_3,NA,VG,90%,"1,015",R,Clear night
2021-07-08T02:00:00Z,12.1°,NNW_2,NA,VG,92%,"1,015",R,Clear night
2021-07-08T03:00:00Z,11.5°,N_0,NA,VG,93%,"1,015",R,Clear night
2021-07-08T04:00:00Z,10.5°,N_1,NA,VG,95%,"1,016",R,Sunny intervals
2021-07-08T05:00:00Z,11.6°,SSW_2,NA,VG,98%,"1,016",R,Sunny day
2021-07-08T06:00:00Z,13.7°,SE_2,NA,VG,90%,"1,017",R,Sunny day
2021-07-08T07:00:00Z,14.4°,S_2,NA,VG,82%,"1,017",R,Sunny day
2021-07-08T08:00:00Z,17.1°,E_3,NA,E,78%,"1,017",R,Sunny day
2021-07-08T09:00:00Z,18.0°,W_8,NA,E,66%,"1,018",R,Sunny day
2021-07-08T10:00:00Z,18.5°,W_10,NA,E,66%,"1,018",R,Sunny intervals
2021-07-08T11:00:00Z,20.2°,W_9,NA,E,63%,"1,018",R,Sunny intervals
2021-07-08T12:00:00Z,19.6°,W_8,NA,E,58%,"1,018",R,Sunny intervals
2021-07-08T13:00:00Z,20.7°,W_10,NA,E,56%,"1,018",R,Sunny intervals
2021-07-08T14:00:00Z,20.7°,W_9,NA,E,58%,"1,018",R,Sunny intervals
2021-07-08T15:00:00Z,20.4°,W_10,NA,E,57%,"1,019",R,Sunny intervals
2021-07-08T16:00:00Z,20.8°,W_9,NA,E,54%,"1,019",R,Sunny day
2021-07-08T17:00:00Z,21.4°,W_6,NA,E,52%,"1,019",R,Sunny intervals
2021-07-08T18:00:00Z,21.0°,W_7,NA,E,56%,"1,019",R,Sunny day
2021-07-08T19:00:00Z,20.2°,WNW_8,NA,E,61%,"1,019",R,Sunny day
2021-07-08T20:00:00Z,18.1°,WNW_7,NA,E,71%,"1,020",R,Sunny day
2021-07-08T21:00:00Z,16.8°,NW_6,NA,VG,84%,"1,020",R,Cloudy
2021-07-08T22:00:00Z,14.9°,WNW_6,NA,VG,85%,"1,021",R,Partly cloudy (night)
2021-07-08T23:00:00Z,13.6°,W_5,NA,VG,88%,"1,021",R,Clear night
2021-07-09T00:00:00Z,13.8°,W_6,NA,VG,90%,"1,021",R,Partly cloudy (night)
2021-07-09T01:00:00Z,13.3°,WNW_5,NA,VG,89%,"1,021",R,Partly cloudy (night)
2021-07-09T02:00:00Z,13.7°,WNW_6,NA,VG,90%,"1,021",F,Cloudy
2021-07-09T03:00:00Z,13.1°,WNW_5,NA,G,94%,"1,021",F,Cloudy
2021-07-09T04:00:00Z,12.0°,NNE_2,NA,VG,93%,"1,021",F,Sunny intervals
2021-07-09T05:00:00Z,12.8°,NNE_2,NA,G,97%,"1,021",F,Cloudy
2021-07-09T06:00:00Z,14.1°,NNE_2,NA,G,94%,"1,021",F,Cloudy
2021-07-09T07:00:00Z,16.7°,W_7,NA,VG,83%,"1,021",R,Sunny intervals
2021-07-09T08:00:00Z,17.8°,NW_6,NA,VG,73%,"1,021",R,Cloudy
2021-07-09T09:00:00Z,19.1°,ENE_5,NA,VG,74%,"1,021",R,Cloudy
2021-07-09T10:00:00Z,18.7°,SSE_1,NA,E,72%,"1,021",F,Cloudy
2021-07-09T11:00:00Z,18.8°,SSE_2,NA,VG,70%,"1,021",F,Cloudy
2021-07-09T12:00:00Z,18.7°,W_3,NA,E,73%,"1,020",F,Overcast
2021-07-09T13:00:00Z,19.5°,SSE_2,NA,E,65%,"1,020",F,Cloudy
2021-07-09T14:00:00Z,19.6°,W_2,NA,E,68%,"1,020",F,Overcast
2021-07-09T15:00:00Z,20.7°,N_5,NA,E,63%,"1,020",F,Cloudy
2021-07-09T16:00:00Z,19.9°,NNW_6,NA,E,63%,"1,019",F,Cloudy
2021-07-09T17:00:00Z,20.6°,NNE_6,NA,VG,70%,"1,019",F,Cloudy
2021-07-09T18:00:00Z,20.0°,NNE_6,NA,VG,68%,"1,019",F,Cloudy
2021-07-09T19:00:00Z,19.8°,NE_7,NA,VG,69%,"1,019",F,Sunny intervals
2021-07-09T20:00:00Z,18.0°,NNE_5,NA,G,80%,"1,019",F,Sunny intervals
2021-07-09T21:00:00Z,15.7°,NNE_5,NA,G,88%,"1,019",R,Partly cloudy (night)
2021-07-09T22:00:00Z,15.8°,NNW_5,NA,M,91%,"1,019",R,Mist
2021-07-09T23:00:00Z,15.4°,N_6,NA,M,93%,"1,019",R,Mist
2021-07-10T00:00:00Z,15.1°,N_3,NA,P,96%,"1,019",F,Heavy rain
2021-07-10T01:00:00Z,14.8°,NNE_3,NA,P,99%,"1,019",F,Heavy rain
2021-07-10T02:00:00Z,14.8°,N_5,NA,P,99%,"1,018",F,Cloudy
2021-07-10T03:00:00Z,14.6°,N_6,NA,P,100%,"1,017",F,Overcast
2021-07-10T04:00:00Z,14.5°,N_6,NA,P,100%,"1,017",F,Mist
2021-07-10T05:00:00Z,14.8°,N_5,NA,P,99%,"1,017",F,Mist
2021-07-10T06:00:00Z,15.0°,NNW_5,NA,P,100%,"1,017",F,Mist
2021-07-10T07:00:00Z,15.5°,NNE_2,NA,P,100%,"1,017",F,Mist
2021-07-10T08:00:00Z,15.9°,SSE_6,NA,M,96%,"1,017",R,Mist
2021-07-10T09:00:00Z,15.9°,SSE_5,NA,M,96%,"1,017",R,Light rain
2021-07-10T10:00:00Z,16.7°,S_3,NA,M,92%,"1,016",F,Cloudy
2021-07-10T11:00:00Z,17.0°,SSW_3,NA,M,89%,"1,016",F,Cloudy
2021-07-10T12:00:00Z,18.3°,NE_3,NA,G,81%,"1,016",F,Cloudy
2021-07-10T13:00:00Z,19.3°,NNW_2,NA,G,75%,"1,015",F,Sunny intervals
2021-07-10T14:00:00Z,19.8°,NE_3,NA,G,75%,"1,015",F,Cloudy
2021-07-10T15:00:00Z,18.4°,NE_6,NA,M,84%,"1,015",F,Light rain
2021-07-10T16:00:00Z,17.8°,NE_3,NA,M,89%,"1,015",F,Light rain
2021-07-10T17:00:00Z,17.9°,NE_7,NA,G,87%,"1,015",F,Cloudy
2021-07-10T18:00:00Z,18.1°,ENE_2,NA,G,84%,"1,014",F,Sunny intervals
2021-07-10T19:00:00Z,18.5°,N_2,NA,G,84%,"1,015",F,Cloudy
2021-07-10T20:00:00Z,17.6°,NNW_2,NA,G,87%,"1,015",R,Cloudy
2021-07-10T21:00:00Z,15.4°,N_3,NA,M,94%,"1,015",R,Mist
2021-07-10T22:00:00Z,14.6°,NNE_3,NA,M,95%,"1,015",R,Mist
2021-07-10T23:00:00Z,13.5°,NNW_2,NA,M,96%,"1,015",R,Mist
2021-07-11T00:00:00Z,14.0°,SSW_1,NA,M,99%,"1,015",F,Mist
2021-07-11T01:00:00Z,14.2°,SE_6,NA,M,99%,"1,015",F,Mist
2021-07-11T02:00:00Z,14.5°,S_7,NA,M,98%,"1,015",F,Mist
2021-07-11T03:00:00Z,14.4°,SSE_8,NA,M,97%,"1,015",F,Mist
2021-07-11T04:00:00Z,14.1°,SE_7,NA,P,98%,"1,015",F,Mist
2021-07-11T05:00:00Z,13.7°,SE_6,NA,P,99%,"1,015",F,Mist
2021-07-11T06:00:00Z,13.6°,SSE_8,NA,P,99%,"1,015",R,Mist
2021-07-11T07:00:00Z,14.0°,SE_7,NA,P,99%,"1,015",R,Overcast
2021-07-11T08:00:00Z,14.3°,SE_5,NA,M,98%,"1,015",R,Mist
2021-07-11T09:00:00Z,16.8°,S_7,NA,G,89%,"1,015",F,Mist
2021-07-11T10:00:00Z,19.3°,S_7,NA,G,78%,"1,014",F,Sunny day
2021-07-11T11:00:00Z,20.1°,SSE_10,NA,E,65%,"1,014",F,Cloudy
2021-07-11T12:00:00Z,17.9°,S_14,NA,P,79%,"1,014",F,Heavy rain
2021-07-11T13:00:00Z,18.2°,SSW_5,NA,VG,79%,"1,014",F,Cloudy
2021-07-11T14:00:00Z,21.3°,S_11,NA,E,62%,"1,014",F,Cloudy
2021-07-11T15:00:00Z,20.4°,SSE_11,NA,E,67%,"1,014",F,Cloudy
2021-07-11T16:00:00Z,20.8°,SE_8,NA,E,62%,"1,013",F,Overcast
2021-07-11T17:00:00Z,20.4°,SSE_11,NA,E,65%,"1,013",F,Overcast
2021-07-11T18:00:00Z,19.7°,SSE_8,NA,E,67%,"1,013",F,Sunny intervals
2021-07-11T19:00:00Z,19.1°,SE_10,NA,VG,76%,"1,013",F,Cloudy
2021-07-11T20:00:00Z,18.4°,SE_6,NA,VG,80%,"1,013",R,Overcast
2021-07-11T21:00:00Z,17.8°,SE_5,NA,VG,83%,"1,013",R,Overcast
2021-07-11T22:00:00Z,16.9°,SE_5,NA,G,87%,"1,013",R,Overcast
2021-07-11T23:00:00Z,16.3°,ESE_3,NA,G,89%,"1,013",S,Overcast
2021-07-12T00:00:00Z,14.8°,W_2,NA,G,94%,"1,013",F,Overcast
2021-07-12T01:00:00Z,14.9°,WNW_1,NA,G,96%,"1,013",F,Cloudy
2021-07-12T02:00:00Z,15.1°,NNW_1,NA,M,97%,"1,013",F,Light rain
2021-07-12T03:00:00Z,15.1°,WSW_2,NA,P,97%,"1,012",F,Heavy rain
2021-07-12T04:00:00Z,14.6°,NNE_1,NA,M,97%,"1,012",F,Overcast
2021-07-12T05:00:00Z,14.5°,N_3,NA,P,99%,"1,012",F,Mist
2021-07-12T06:00:00Z,14.6°,N_5,NA,M,99%,"1,012",F,Overcast
2021-07-12T07:00:00Z,15.2°,NNW_6,NA,M,99%,"1,012",F,Mist
2021-07-12T08:00:00Z,16.3°,N_8,NA,G,92%,"1,012",S,Cloudy
2021-07-12T09:00:00Z,17.7°,NNE_7,NA,G,85%,"1,012",R,Cloudy
2021-07-12T10:00:00Z,17.7°,N_7,NA,G,85%,"1,012",R,Cloudy
2021-07-12T11:00:00Z,17.9°,N_8,NA,G,84%,"1,012",F,Cloudy
2021-07-12T12:00:00Z,18.2°,N_11,NA,G,87%,"1,011",F,Light rain
2021-07-12T13:00:00Z,17.8°,N_14,NA,VG,86%,"1,011",F,Cloudy
2021-07-12T14:00:00Z,16.4°,NNE_13,NA,M,93%,"1,012",R,Light rain
2021-07-12T15:00:00Z,15.8°,NNE_9,NA,M,97%,"1,012",R,Light rain
2021-07-12T16:00:00Z,15.7°,N_11,NA,G,97%,"1,012",R,Light rain
2021-07-12T17:00:00Z,15.9°,N_11,NA,VG,94%,"1,012",R,Overcast
2021-07-12T18:00:00Z,15.4°,N_8,NA,M,96%,"1,013",R,Light rain
2021-07-12T19:00:00Z,15.4°,NNW_5,NA,M,97%,"1,013",R,Light rain
2021-07-12T20:00:00Z,15.1°,N_6,NA,P,98%,"1,013",R,Light rain
2021-07-12T21:00:00Z,15.1°,NNW_3,NA,P,99%,"1,013",R,Light rain
2021-07-12T22:00:00Z,15.2°,N_7,NA,P,99%,"1,014",R,Overcast
2021-07-12T23:00:00Z,15.2°,N_6,NA,M,100%,"1,014",R,Overcast
2021-07-13T00:00:00Z,15.3°,N_6,NA,P,99%,"1,014",R,Light rain
2021-07-13T01:00:00Z,15.2°,N_7,NA,G,99%,"1,014",R,Light rain
2021-07-13T02:00:00Z,15.1°,NNW_8,NA,VG,97%,"1,014",R,Overcast
2021-07-13T03:00:00Z,14.9°,N_10,NA,VG,97%,"1,015",R,Cloudy
2021-07-13T04:00:00Z,14.7°,N_9,NA,M,97%,"1,015",R,Light rain
2021-07-13T05:00:00Z,14.7°,N_7,NA,G,97%,"1,015",R,Cloudy
2021-07-13T06:00:00Z,15.0°,N_5,NA,VG,96%,"1,015",R,Overcast
2021-07-13T07:00:00Z,15.2°,N_6,NA,VG,94%,"1,016",R,Cloudy
2021-07-13T08:00:00Z,15.9°,N_9,NA,VG,87%,"1,016",R,Cloudy
2021-07-13T09:00:00Z,15.6°,N_7,NA,VG,85%,"1,017",R,Cloudy
2021-07-13T10:00:00Z,15.5°,N_7,NA,E,87%,"1,017",R,Cloudy
2021-07-13T11:00:00Z,16.1°,NNW_9,NA,E,82%,"1,017",R,Cloudy
2021-07-13T12:00:00Z,17.5°,N_9,NA,E,76%,"1,017",R,Cloudy
2021-07-13T13:00:00Z,18.3°,NNW_9,NA,E,75%,"1,017",S,Cloudy
2021-07-13T14:00:00Z,19.3°,N_8,NA,E,72%,"1,017",R,Cloudy
2021-07-13T15:00:00Z,19.7°,N_9,NA,E,70%,"1,017",R,Cloudy
2021-07-13T16:00:00Z,19.9°,NNE_8,NA,E,69%,"1,017",F,Sunny intervals
2021-07-13T17:00:00Z,19.7°,NE_8,NA,E,75%,"1,017",F,Sunny intervals
2021-07-13T18:00:00Z,19.1°,NE_6,NA,VG,75%,"1,017",F,Sunny day
2021-07-13T19:00:00Z,18.7°,NNE_3,NA,VG,75%,"1,017",S,Sunny day
2021-07-13T20:00:00Z,17.6°,NE_2,NA,VG,81%,"1,017",R,Sunny day
2021-07-13T21:00:00Z,14.3°,NE_5,NA,VG,92%,"1,018",R,Clear night
2021-07-13T22:00:00Z,13.0°,NNW_3,NA,G,96%,"1,018",R,Clear night
2021-07-13T23:00:00Z,14.3°,NNW_3,NA,VG,96%,"1,018",R,Cloudy
2021-07-14T00:00:00Z,14.0°,W_5,NA,G,94%,"1,018",R,Cloudy
2021-07-14T01:00:00Z,13.1°,W_5,NA,G,96%,"1,017",F,Partly cloudy (night)
2021-07-14T02:00:00Z,12.4°,WNW_5,NA,M,99%,"1,018",F,Mist
2021-07-14T03:00:00Z,13.8°,NNE_2,NA,M,100%,"1,018",R,Mist
2021-07-14T04:00:00Z,13.6°,NNE_7,NA,G,97%,"1,018",R,Cloudy
2021-07-14T05:00:00Z,14.0°,N_6,NA,G,96%,"1,018",R,Cloudy
2021-07-14T06:00:00Z,15.1°,NNW_6,NA,VG,93%,"1,018",R,Sunny day
2021-07-14T07:00:00Z,16.2°,N_8,NA,VG,87%,"1,019",R,Cloudy
2021-07-14T08:00:00Z,17.4°,N_8,NA,E,85%,"1,019",R,Sunny intervals
2021-07-14T09:00:00Z,18.5°,NE_8,NA,E,76%,"1,019",R,Sunny intervals
2021-07-14T10:00:00Z,19.6°,NNE_6,NA,E,76%,"1,019",R,Cloudy
2021-07-14T11:00:00Z,19.8°,N_7,NA,E,73%,"1,019",R,Sunny intervals
2021-07-14T12:00:00Z,20.9°,N_7,NA,E,68%,"1,019",R,Sunny intervals
2021-07-14T13:00:00Z,21.4°,N_9,NA,E,67%,"1,019",S,Cloudy
2021-07-14T14:00:00Z,21.9°,N_7,NA,E,66%,"1,019",S,Cloudy
2021-07-14T15:00:00Z,22.1°,NNE_6,NA,E,64%,"1,019",F,Sunny intervals
2021-07-14T16:00:00Z,23.0°,N_5,NA,E,63%,"1,018",F,Sunny day
2021-07-14T17:00:00Z,22.9°,NNE_5,NA,E,60%,"1,018",F,Sunny day
2021-07-14T18:00:00Z,22.0°,W_9,NA,E,68%,"1,018",F,Sunny intervals
2021-07-14T19:00:00Z,21.6°,WNW_14,NA,VG,65%,"1,019",R,Sunny intervals
2021-07-14T20:00:00Z,19.6°,W_9,NA,E,72%,"1,019",R,Sunny day
2021-07-14T21:00:00Z,17.2°,W_6,NA,VG,80%,"1,020",R,Clear night
2021-07-14T22:00:00Z,16.3°,WNW_6,NA,E,83%,"1,020",R,Partly cloudy (night)
2021-07-14T23:00:00Z,15.9°,NNW_3,NA,E,79%,"1,020",R,Clear night
2021-07-15T00:00:00Z,16.0°,WNW_6,NA,VG,81%,"1,020",S,Clear night
2021-07-15T01:00:00Z,14.6°,W_6,NA,E,87%,"1,020",R,Clear night
2021-07-15T02:00:00Z,14.3°,W_5,NA,VG,89%,"1,020",R,Clear night
2021-07-15T03:00:00Z,14.5°,N_6,NA,VG,87%,"1,020",R,Clear night
2021-07-15T04:00:00Z,13.5°,NNW_3,NA,VG,91%,"1,021",R,Sunny day
2021-07-15T05:00:00Z,13.7°,NNW_3,NA,VG,96%,"1,022",R,Sunny day
2021-07-15T06:00:00Z,15.1°,NNW_7,NA,E,88%,"1,022",R,Cloudy
2021-07-15T07:00:00Z,16.5°,NNW_7,NA,E,80%,"1,023",R,Cloudy
2021-07-15T08:00:00Z,17.1°,N_10,NA,E,77%,"1,024",R,Cloudy
2021-07-15T09:00:00Z,18.2°,N_13,NA,E,75%,"1,024",R,Cloudy
2021-07-15T10:00:00Z,18.3°,N_10,NA,E,72%,"1,024",R,Cloudy
2021-07-15T11:00:00Z,18.4°,NNE_10,NA,E,75%,"1,024",R,Cloudy
2021-07-15T12:00:00Z,19.4°,N_8,NA,E,71%,"1,024",R,Cloudy
2021-07-15T13:00:00Z,19.4°,NE_9,NA,E,67%,"1,025",R,Sunny day
2021-07-15T14:00:00Z,20.3°,NNE_9,NA,VG,70%,"1,025",R,Sunny day
2021-07-15T15:00:00Z,20.0°,NE_9,NA,E,69%,"1,025",R,Sunny day
2021-07-15T16:00:00Z,20.1°,NE_9,NA,E,66%,"1,025",R,Sunny day
2021-07-15T17:00:00Z,19.4°,NE_8,NA,VG,68%,"1,026",R,Sunny day
2021-07-15T18:00:00Z,19.1°,NNE_9,NA,VG,67%,"1,026",R,Sunny day
2021-07-15T19:00:00Z,18.4°,NNE_6,NA,VG,71%,"1,026",R,Sunny day
2021-07-15T20:00:00Z,16.4°,NNE_6,NA,VG,77%,"1,026",R,Sunny day
2021-07-15T21:00:00Z,14.5°,N_5,NA,VG,84%,"1,026",R,Clear night
2021-07-15T22:00:00Z,13.6°,N_3,NA,G,88%,"1,027",R,Clear night
2021-07-15T23:00:00Z,12.9°,W_3,NA,G,90%,"1,027",R,Clear night
2021-07-16T00:00:00Z,12.4°,W_2,NA,M,94%,"1,026",R,Clear night
2021-07-16T01:00:00Z,12.3°,N_0,NA,G,95%,"1,026",F,Clear night
2021-07-16T02:00:00Z,11.7°,N_0,NA,G,95%,"1,026",F,Clear night
2021-07-16T03:00:00Z,11.1°,N_0,NA,G,97%,"1,026",F,Clear night
2021-07-16T04:00:00Z,11.3°,WNW_1,NA,M,99%,"1,026",F,Mist
2021-07-16T05:00:00Z,11.1°,N_1,NA,M,99%,"1,027",R,Sunny day
2021-07-16T06:00:00Z,13.2°,W_1,NA,G,98%,"1,027",R,Sunny day
2021-07-16T07:00:00Z,15.9°,N_2,NA,E,90%,"1,027",R,Sunny day
2021-07-16T08:00:00Z,19.3°,N_5,NA,VG,81%,"1,027",R,Sunny day
2021-07-16T09:00:00Z,21.5°,N_11,NA,E,70%,"1,027",R,Sunny day
2021-07-16T10:00:00Z,23.1°,N_9,NA,VG,64%,"1,027",R,Sunny day
2021-07-16T11:00:00Z,24.2°,NNE_7,NA,E,58%,"1,027",S,Sunny day
2021-07-16T12:00:00Z,24.6°,NNW_5,NA,E,54%,"1,027",R,Sunny intervals
2021-07-16T13:00:00Z,26.0°,NNW_9,NA,E,53%,"1,027",R,Sunny intervals
2021-07-16T14:00:00Z,25.3°,NNE_11,NA,E,54%,"1,027",R,Cloudy
2021-07-16T15:00:00Z,25.4°,N_10,NA,E,52%,"1,027",R,Sunny day
2021-07-16T16:00:00Z,25.3°,NNW_9,NA,E,52%,"1,028",R,Sunny intervals
2021-07-16T17:00:00Z,25.4°,NNW_9,NA,VG,51%,"1,027",S,Sunny intervals
2021-07-16T18:00:00Z,25.3°,NW_9,NA,E,55%,"1,027",S,Cloudy
2021-07-16T19:00:00Z,22.8°,NNE_5,NA,VG,67%,"1,028",R,Sunny intervals
2021-07-16T20:00:00Z,21.2°,N_6,NA,VG,74%,"1,028",R,Sunny intervals
2021-07-16T21:00:00Z,18.1°,NW_6,NA,VG,84%,"1,029",R,Clear night
2021-07-16T22:00:00Z,17.2°,WNW_5,NA,VG,86%,"1,029",R,Clear night
2021-07-16T23:00:00Z,16.9°,WNW_1,NA,VG,87%,"1,029",R,Clear night
2021-07-17T00:00:00Z,16.4°,N_0,NA,VG,90%,"1,029",R,Clear night
2021-07-17T01:00:00Z,15.4°,N_0,NA,VG,89%,"1,030",R,Clear night
2021-07-17T02:00:00Z,14.6°,S_1,NA,G,96%,"1,029",R,Clear night
2021-07-17T03:00:00Z,13.8°,SSE_2,NA,VG,95%,"1,029",F,Clear night
2021-07-17T04:00:00Z,13.5°,W_2,NA,G,97%,"1,029",F,Sunny day
2021-07-17T05:00:00Z,14.7°,WSW_1,NA,G,98%,"1,029",F,Sunny day
2021-07-17T06:00:00Z,17.1°,ENE_1,NA,VG,88%,"1,029",F,Sunny day
2021-07-17T07:00:00Z,19.8°,S_2,NA,VG,79%,"1,029",R,Sunny day
2021-07-17T08:00:00Z,22.0°,W_3,NA,VG,69%,"1,029",R,Sunny day
2021-07-17T09:00:00Z,24.6°,S_1,NA,VG,61%,"1,029",R,Sunny day
2021-07-17T10:00:00Z,25.8°,SW_3,NA,VG,63%,"1,029",F,Sunny day
2021-07-17T11:00:00Z,27.1°,WSW_6,NA,E,57%,"1,028",F,Sunny day
2021-07-17T12:00:00Z,27.5°,NW_6,NA,VG,46%,"1,028",F,Sunny day
2021-07-17T13:00:00Z,27.9°,WNW_6,NA,VG,52%,"1,028",F,Sunny day
2021-07-17T14:00:00Z,28.5°,NNE_3,NA,VG,50%,"1,027",F,Sunny intervals
2021-07-17T15:00:00Z,28.6°,NNW_7,NA,VG,52%,"1,027",F,Sunny intervals
2021-07-17T16:00:00Z,28.5°,WSW_10,NA,G,53%,"1,026",F,Sunny intervals
2021-07-17T17:00:00Z,27.9°,WNW_13,NA,M,54%,"1,026",F,Mist
2021-07-17T18:00:00Z,27.2°,W_11,NA,G,55%,"1,026",F,Sunny day
2021-07-17T19:00:00Z,25.8°,NW_9,NA,M,50%,"1,026",F,Light rain
2021-07-17T20:00:00Z,23.9°,WNW_9,NA,G,56%,"1,026",R,Sunny day
2021-07-17T21:00:00Z,21.4°,NNW_6,NA,VG,69%,"1,027",R,Clear night
2021-07-17T22:00:00Z,18.8°,NW_6,NA,VG,77%,"1,027",R,Clear night
2021-07-17T23:00:00Z,18.4°,NNE_2,NA,VG,78%,"1,027",R,Clear night
2021-07-18T00:00:00Z,17.5°,W_3,NA,VG,82%,"1,027",F,Clear night
2021-07-18T01:00:00Z,16.5°,WNW_3,NA,VG,84%,"1,027",F,Clear night
2021-07-18T02:00:00Z,15.3°,W_5,NA,VG,90%,"1,026",F,Clear night
2021-07-18T03:00:00Z,16.6°,NNW_5,NA,VG,87%,"1,026",F,Clear night
2021-07-18T04:00:00Z,15.0°,NW_3,NA,VG,85%,"1,026",F,Sunny day
2021-07-18T05:00:00Z,14.7°,W_1,NA,G,93%,"1,026",F,Sunny day
2021-07-18T06:00:00Z,17.5°,NNE_2,NA,VG,89%,"1,026",F,Sunny day
2021-07-18T07:00:00Z,20.2°,ENE_1,NA,VG,77%,"1,026",R,Sunny day
2021-07-18T08:00:00Z,21.9°,E_2,NA,VG,71%,"1,026",R,Sunny day
2021-07-18T09:00:00Z,23.9°,W_3,NA,VG,65%,"1,025",F,Sunny day
2021-07-18T10:00:00Z,25.4°,W_9,NA,VG,59%,"1,025",F,Sunny intervals
2021-07-18T11:00:00Z,26.2°,W_11,NA,VG,60%,"1,025",F,Sunny intervals
2021-07-18T12:00:00Z,24.6°,NW_9,NA,VG,60%,"1,025",F,Cloudy
2021-07-18T13:00:00Z,25.1°,NNW_7,NA,VG,61%,"1,024",F,Overcast
2021-07-18T14:00:00Z,26.1°,WNW_6,NA,VG,59%,"1,024",F,Cloudy
2021-07-18T15:00:00Z,27.1°,WNW_8,NA,VG,56%,"1,024",F,Cloudy
2021-07-18T16:00:00Z,25.1°,NW_10,NA,VG,61%,"1,023",F,Cloudy
2021-07-18T17:00:00Z,22.7°,NNE_10,NA,VG,68%,"1,023",F,Sunny day
2021-07-18T18:00:00Z,20.3°,N_9,NA,VG,75%,"1,023",F,Sunny day
2021-07-18T19:00:00Z,19.9°,N_7,NA,G,76%,"1,023",R,Light rain
2021-07-18T20:00:00Z,18.0°,N_7,NA,M,77%,"1,024",R,Light rain
2021-07-18T21:00:00Z,16.3°,NW_3,NA,VG,83%,"1,024",R,Clear night
2021-07-18T22:00:00Z,15.5°,NW_2,NA,VG,87%,"1,024",R,Clear night
2021-07-18T23:00:00Z,15.3°,WSW_2,NA,VG,90%,"1,024",R,Clear night
2021-07-19T00:00:00Z,14.6°,NW_2,NA,VG,92%,"1,024",F,Partly cloudy (night)
